"Issuer Name","Symbol","Deficiency","Market","Notification Date"
"Able View Global Inc.","ABLV","Bid Price","NCM","12/4/2025"
"Above Food Ingredients Inc.","ABVE ABVEW","Delinquent (01/31/2025 20F)","NGM","6/11/2025"
"Above Food Ingredients Inc.","ABVE ABVEW","Interim Financials (07/31/2025 6K)","NGM","2/3/2026"
"Accuray Incorporated","ARAY","Bid Price","NGS","2/2/2026"
"Aeries Technology, Inc.","AERT","Bid Price","NCM","9/30/2025"
"Agroz Inc.","AGRZ","Bid Price","NCM","2/17/2026"
"Aimei Health Technology Co., Ltd","AFJKU AFJK AFJKR","Delinquent (12/31/2025 10K)","NGM","4/17/2026"
"AIOS Tech Inc.","AIOS","Bid Price","NCM","4/1/2026"
"Alaunos Therapeutics, Inc.","TCRT","Equity","NCM","4/9/2026"
"Algorhythm Holdings, Inc.","RIME","Equity","NCM","12/1/2025"
"Allied Gaming & Entertainment Inc.","AGAE","Bid Price","NCM","11/4/2025"
"Allied Gaming & Entertainment Inc.","AGAE","Delinquent (12/31/2025 10K)","NCM","4/16/2026"
"Alpha Compute Corp ","ALP","Bid Price","NCM","3/2/2026"
"Alpha Modus Holdings, Inc.","AMOD","Bid Price","NCM","1/12/2026"
"Alpha Modus Holdings, Inc.","AMOD AMODW","Net Income","NCM","4/6/2026"
"Alzamend Neuro, Inc.","ALZN","Equity","NCM","3/20/2026"
"American Rebel Holdings, Inc.","AREB","Bid Price","NCM","2/4/2026"
"American Rebel Holdings, Inc.","AREB","Public Float","NCM","3/23/2026"
"Amesite Inc.","AMST","Equity","NCM","10/28/2025"
"Aprea Therapeutics, Inc.","APRE","Bid Price","NCM","1/23/2026"
"Aptorum Group Limited","APM","Bid Price","NCM","3/5/2026"
"Arbe Robotics Ltd.","ARBE","Bid Price","NCM","4/13/2026"
"Armlogi Holding Corp.","BTOC","Bid Price","NGM","11/7/2025"
"Armlogi Holding Corp.","BTOC","Market Value of Publicly Held Shares","NGM","4/17/2026"
"Arrive AI Inc.","ARAI","Market Value of Listed Securities","NGM","3/31/2026"
"Artius II Acquisition Inc.","AACB","Shareholders","NGM","3/4/2026"
"Aterian, Inc.","ATER","Bid Price","NCM","12/9/2025"
"Atlantic American Corporation","AAME","Delinquent (12/31/2025 10K)","NGM","4/17/2026"
"aTyr Pharma, Inc.","ATYR","Bid Price","NCM","12/4/2025"
"Australian Oilseeds Holdings Limited","COOT","Bid Price","NCM","1/6/2026"
"Autonomix Medical, Inc.","AMIX","Bid Price","NCM","1/14/2026"
"Autozi Internet Technology (Global) Ltd.","AZI","Market Value of Publicly Held Shares","NGM","11/26/2025"
"Autozi Internet Technology (Global) Ltd.","AZI","Market Value of Listed Securities","NGM","3/25/2026"
"Avalon GloboCare Corp.","ALBT","Bid Price","NCM","4/15/2026"
"Avax One Technology Ltd.","AVX","Bid Price","NCM","3/13/2026"
"Barinthus Biotherapeutics plc","BRNS","Bid Price","NGM","12/30/2025"
"Basel Medical Group Ltd","BMGL","Bid Price","NCM","1/22/2026"
"Bayview Acquisition Corp","BAYA","Shareholders","NCM","2/19/2026"
"Bayview Acquisition Corp","BAYA BAYAR BAYAU","Market Value of Listed Securities","NCM","8/22/2025"
"Bayview Acquisition Corp","BAYA BAYAR BAYAU","Annual Shareholder Meeting","NCM","2/12/2026"
"Bayview Acquisition Corp","BAYA","Public Float","NCM","3/19/2026"
"Beasley Broadcast Group, Inc.","BBGI","Equity","NCM","4/13/2026"
"Beyond Air, Inc.","XAIR","Bid Price","NCM","4/7/2026"
"Beyond Meat, Inc.","BYND","Bid Price","NGS","3/4/2026"
"BGM Group Ltd.","BGM","Delinquent (09/30/2025 20F)","NCM","2/24/2026"
"Big Digital Energy, Inc.","BGDE","Equity","NCM","4/17/2026"
"BIO-key International, Inc.","BKYI","Bid Price","NCM","5/9/2025"
"BIO-key International, Inc.","BKYI","Delinquent (12/31/2025 10K)","NCM","4/16/2026"
"BioAtla, Inc.","BCAB","Bid Price","NCM","2/6/2025"
"BioAtla, Inc.","BCAB","Equity","NCM","5/12/2025"
"BioCardia, Inc.","BCDA","Equity","NCM","4/10/2026"
"Bioceres Crop Solutions Corp.","BIOX","Bid Price","NGS","3/16/2026"
"Biofrontera Inc.","BFRI","Bid Price","NCM","12/31/2025"
"BioRestorative Therapies, Inc.","BRTX","Bid Price","NCM","3/26/2026"
"Black Hawk Acquisition Corporation","BKHA BKHAR BKHAU","Market Value of Listed Securities","NGM","3/31/2026"
"Blink Charging Co.","BLNK","Bid Price","NCM","1/26/2026"
"BNB Plus Corp.","BNBX","Bid Price","NCM","3/20/2026"
"Borealis Foods Inc.","BRLSW BRLS","Annual Shareholder Meeting","NCM","1/12/2026"
"Borealis Foods Inc.","BRLSW BRLS","Delinquent (12/31/2025 10K)","NCM","4/17/2026"
"Boxlight Corporation","BOXL","Equity","NCM","4/20/2026"
"Brag House Holdings, Inc.","TBH","Bid Price","NCM","1/6/2026"
"Brera Holdings PLC","SLMT","Bid Price","NCM","4/23/2026"
"Bridgeline Digital, Inc.","BLIN","Bid Price","NCM","1/29/2026"
"BT Brands, Inc.","BTBD BTBDW","Annual Shareholder Meeting","NCM","1/14/2026"
"Bullfrog AI Holdings, Inc.","BFRG","Bid Price","NCM","2/10/2026"
"BuzzFeed, Inc.","BZFD","Bid Price","NCM","3/2/2026"
"CalciMedica, Inc.","CALC","Market Value of Listed Securities","NCM","3/13/2026"
"CalciMedica, Inc.","CALC","Bid Price","NCM","3/16/2026"
"Callan JMB Inc.","CJMB","Equity","NCM","4/7/2026"
"Canaan Inc.","CAN","Bid Price","NGM","1/14/2026"
"Capstone Holding Corp.","CAPS","Bid Price","NCM","1/7/2026"
"Caring Brands, Inc.","CABR","Equity","NCM","4/7/2026"
"CarParts.com, Inc.","PRTS","Bid Price","NCM","6/13/2025"
"CBL International Limited","BANL","Bid Price","NCM","8/12/2025"
"CCH Holdings Ltd","CCHH","Bid Price","NCM","2/3/2026"
"CCSC Technology International Holdings Limited","CCTG","Bid Price","NCM","12/17/2025"
"CDT Environmental Technology Investment Holdings Limited","CDTG","Bid Price","NCM","6/18/2025"
"Cellyan Biotechnology Co., Ltd ","HKPD","Bid Price","NCM","1/12/2026"
"Celularity Inc.","CELUW CELU","Delinquent (12/31/2025 10K)","NCM","4/17/2026"
"Charlton Aria Acquisition Corporation","CHAR CHARR CHARU","Delinquent (12/31/2025 10K)","NGM","4/16/2026"
"Cheche Group Inc.","CCG","Bid Price","NCM","1/12/2026"
"CID HoldCo, Inc.","DAIC","Market Value of Publicly Held Shares","NGM","2/10/2026"
"CID HoldCo, Inc.","DAIC DAICW","Market Value of Listed Securities","NGM","2/5/2026"
"CID HoldCo, Inc.","DAIC","Bid Price","NGM","2/5/2026"
"CISO Global, Inc.","CISO","Bid Price","NCM","12/30/2025"
"Citius Oncology, Inc. ","CTOR","Bid Price","NCM","4/22/2026"
"Citius Pharmaceuticals, Inc.","CTXR","Bid Price","NCM","2/9/2026"
"Clean Energy Technologies, Inc.","CETY","Delinquent (12/31/2025 10K)","NCM","4/17/2026"
"ClearOne, Inc.","CLRO","Equity","NCM","4/7/2026"
"Cloudastructure, Inc.","CSAI","Bid Price","NCM","2/17/2026"
"CollPlant Biotechnologies Ltd.","CLGN","Bid Price","NCM","3/23/2026"
"Cosmos Health Inc.","COSM","Bid Price","NCM","12/11/2025"
"Cue Biopharma, Inc.","CUE","Bid Price","NCM","5/12/2025"
"Cuprina Holdings (Cayman) Limited","CUPR","Bid Price","NCM","11/26/2025"
"Curanex Pharmaceuticals Inc","CURX","Bid Price","NCM","11/5/2025"
"CXApp Inc.","CXAI","Bid Price","NCM","9/11/2025"
"Cypherpunk Technologies Inc.","CYPH","Bid Price","NCM","3/4/2026"
"Cytosorbents Corporation","CTSO","Bid Price","NCM","10/2/2025"
"DarkIris Inc.","DKI","Bid Price","NCM","11/18/2025"
"Datasea Intelligent Technology Ltd.","DTSS","Bid Price","NCM","3/27/2026"
"Datavault AI Inc.","DVLT","Bid Price","NCM","2/24/2026"
"Defi Technologies, Inc.","DEFT","Bid Price","NCM","3/5/2026"
"Delixy Holdings Limited","DLXY","Bid Price","NCM","4/23/2026"
"Destination XL Group, Inc.","DXLG","Bid Price","NGM","2/4/2026"
"DevvStream Corp.","DEVS","Net Income","NCM","11/18/2025"
"DevvStream Corp.","DEVS","Bid Price","NCM","4/7/2026"
"Diginex Limited","DGNX","Bid Price","NCM","3/23/2026"
"Direct Digital Holdings, Inc.","DRCT","Equity","NCM","4/2/2026"
"Direct Digital Holdings, Inc.","DRCT","Bid Price","NCM","4/23/2026"
"DocGo Inc.","DCGO","Bid Price","NCM","1/26/2026"
"Dreamland Limited","TDIC","Bid Price","NCM","11/26/2025"
"Driven Brands Holdings Inc.","DRVN","Delinquent (12/28/2025 10K)","NGS","4/15/2026"
"DT Cloud Star Acquisition Corporation","DTSQU DTSQ DTSQR","Market Value of Listed Securities","NGM","1/15/2026"
"DT Cloud Star Acquisition Corporation","DTSQ","Shareholders","NGM","4/6/2026"
"Dyadic International, Inc.","DYAI","Bid Price","NCM","12/19/2025"
"Dyadic International, Inc.","DYAI","Equity","NCM","3/27/2026"
"E-Home Household Service Holdings Limited","EJH","Bid Price","NCM","3/16/2026"
"Electra Battery Materials Corporation","ELBM","Bid Price","NCM","3/16/2026"
"Elite Express Holding Inc.","ETS","Bid Price","NCM","10/31/2025"
"ENDRA Life Sciences Inc.","NDRA","Equity","NCM","4/20/2026"
"Ensysce Biosciences, Inc.","ENSC","Bid Price","NCM","2/25/2026"
"Envirotech Vehicles, Inc.","EVTV","Board Independence","NCM","2/12/2026"
"Envirotech Vehicles, Inc.","EVTV","Audit Committee Composition","NCM","2/12/2026"
"Envoy Medical, Inc.","COCH","Bid Price","NCM","11/19/2025"
"Ernexa Therapeutics Inc.","ERNA","Bid Price","NCM","3/18/2026"
"ESH Acquisition Corp.",,"Delinquent (12/31/2025 10K)","BB","4/17/2026"
"Eshallgo Inc.","EHGO","Bid Price","NCM","7/23/2025"
"Estrella Immunopharma, Inc.","ESLA ESLAW","Annual Shareholder Meeting","NCM","1/7/2026"
"Euda Health Holdings Limited","EUDAW EUDA","Market Value of Listed Securities","NCM","4/23/2026"
"Eureka Acquisition Corp","EURK","Shareholders","NCM","4/6/2026"
"Evogene Ltd.","EVGN","Bid Price","NCM","3/30/2026"
"Expensify, Inc.","EXFY","Bid Price","NGS","4/17/2026"
"Expion360 Inc.","XPON","Bid Price","NCM","1/29/2026"
"Faraday Future Intelligent Electric Inc.","FFAI","Bid Price","NCM","3/20/2026"
"FAST TRACK GROUP","FTRK","Bid Price","NCM","8/13/2025"
"Fathom Holdings Inc.","FTHM","Bid Price","NCM","4/10/2026"
"FBS Global Limited","FBGL","Bid Price","NCM","4/15/2026"
"Femasys Inc.","FEMY","Bid Price","NCM","7/16/2025"
"Flag Ship Acquisition Corp.","FSHPU FSHP FSHPR","Delinquent (12/31/2025 10K)","NGM","4/17/2026"
"Fly-E Group, Inc.","FLYE","Annual Shareholder Meeting","NCM","4/17/2026"
"Fractyl Health, Inc.","GUTS","Bid Price","NGM","3/13/2026"
"Functional Brands, Inc.","MEHA","Bid Price","NCM","12/30/2025"
"Fusemachines Inc.","FUSE","Market Value of Publicly Held Shares","NGM","1/15/2026"
"Fusemachines Inc.","FUSE FUSEW","Market Value of Listed Securities","NGM","3/27/2026"
"Galmed Pharmaceuticals Ltd.","GLMD","Bid Price","NCM","1/29/2026"
"GameSquare Holdings, Inc.","GAME","Bid Price","NCM","9/10/2025"
"Gauzy Ltd.","GAUZ","Bid Price","NGM","3/17/2026"
"GCL Global Holdings Ltd","GCL","Bid Price","NGS","3/17/2026"
"Gelteq Limited","GELS","Bid Price","NCM","3/18/2026"
"Genenta Science S.p.A.","GNTA","Bid Price","NCM","4/10/2026"
"Generation Income Properties Inc.","GIPRW GIPR","Equity","NCM","8/20/2025"
"Generation Income Properties Inc.","GIPR","Bid Price","NCM","1/28/2026"
"Global Engine Group Holding Limited","GLE","Bid Price","NCM","10/27/2025"
"Global Interactive Technologies, Inc. Common Stock","GITS","Delinquent (12/31/2025 10K)","NCM","4/16/2026"
"GoHealth, Inc.","GOCO","Market Value of Listed Securities","NCM","3/18/2026"
"Golden Sun Technology Group Limited","GSUN","Bid Price","NCM","4/13/2026"
"Gossamer Bio, Inc.","GOSS","Bid Price","NGS","4/8/2026"
"Greenland Mines Ltd","GRML","Bid Price","NCM","9/19/2025"
"Greenland Technologies Holding Corporation","GTEC","Bid Price","NCM","3/12/2026"
"Greenwave Technology Solutions, Inc.","GWAV","Delinquent (12/31/2025 10K)","NCM","4/20/2026"
"Greenwich LifeSciences, Inc.","GLSI","Delinquent (12/31/2025 10K)","NCM","4/16/2026"
"GridAI Technologies Corp. ","GRDX","Delinquent (12/31/2025 10K)","NCM","4/22/2026"
"GT Biopharma, Inc.","GTBP","Bid Price","NCM","11/20/2025"
"Guardforce AI Co., Limited","GFAI","Bid Price","NCM","12/12/2025"
"Gulf Resources, Inc.","GURE","Delinquent (12/31/2025 10K)","NCM","4/23/2026"
"Haoxin Holdings Limited","HXHX","Bid Price","NCM","12/15/2025"
"Happy City Holdings Limited","HCHL","Net Income","NCM","1/23/2026"
"HCW Biologics Inc.","HCWB","Bid Price","NCM","3/26/2026"
"Heidmar Maritime Holdings Corp.","HMR","Bid Price","NCM","4/22/2026"
"Highway Holdings Limited","HIHO","Bid Price","NCM","3/17/2026"
"Hub Cyber Security Ltd.","HUBC HUBCW HUBCZ","Market Value of Listed Securities","NCM","1/21/2026"
"Hub Group, Inc.","HUBG","Delinquent (12/31/2025 10K)","NGS","3/19/2026"
"Hydrofarm Holdings Group, Inc.","HYFM","Equity","NCM","4/1/2026"
"IceCure Medical Ltd.","ICCM","Bid Price","NCM","11/12/2025"
"ICZOOM Group Inc.","IZM","Bid Price","NCM","4/13/2026"
"IM Cannabis Corp.","IMCC","Bid Price","NCM","4/9/2026"
"Immersion Corporation","IMMR","Delinquent (04/30/2025 10K)","NGS","8/20/2025"
"Immersion Corporation","IMMR","Delinquent (07/31/2025 10Q)","NGS","9/29/2025"
"Immersion Corporation","IMMR","Delinquent (10/31/2025 10Q)","NGS","12/23/2025"
"Immersion Corporation","IMMR","Delinquent (01/31/2026 10Q)","NGS","3/24/2026"
"Immuron Limited","IMRN","Bid Price","NCM","3/5/2026"
"InMed Pharmaceuticals Inc.","INM","Bid Price","NCM","3/27/2026"
"INNEOVA Holdings Limited","INEO","Bid Price","NCM","12/8/2025"
"Innoviz Technologies Ltd.","INVZ","Bid Price","NCM","3/25/2026"
"Inotiv, Inc.","NOTV","Bid Price","NCM","12/31/2025"
"Inspira Technologies Oxy B.H.N. Ltd.","IINN IINNW","Market Value of Listed Securities","NCM","2/19/2026"
"Inspira Technologies Oxy B.H.N. Ltd.","IINN","Bid Price","NCM","2/9/2026"
"Integrated Media Technology Limited","IMTE","Bid Price","NCM","12/30/2025"
"Intercure Ltd.","INCR","Bid Price","NGM","2/25/2026"
"INVO Fertility, Inc.","IVF","Delinquent (12/31/2025 10K)","NCM","4/17/2026"
"IP Strategy Holdings, Inc.","IPST","Bid Price","NCM","3/20/2026"
"iSpecimen Inc.","ISPC","Bid Price","NCM","11/19/2025"
"iTonic Holdings Ltd","ITOC","Bid Price","NCM","10/20/2025"
"Iveda Solutions, Inc.","IVDA","Bid Price","NCM","3/6/2026"
"J-Star Holding Co., Ltd.","YMAT","Bid Price","NCM","12/12/2025"
"Jaguar Health, Inc.","JAGX","Bid Price","NCM","3/5/2026"
"JBDI Holdings Limited","JBDI","Bid Price","NCM","1/7/2026"
"Jinxin Technology Holding Company","NAMI","Bid Price","NCM","1/29/2026"
"Jupiter Neurosciences, Inc.","JUNS","Market Value of Listed Securities","NCM","2/26/2026"
"Jupiter Neurosciences, Inc.","JUNS","Bid Price","NCM","2/26/2026"
"K Wave Media, Ltd.","KWM","Bid Price","NGM","1/7/2026"
"KALA BIO, Inc.","KALA","Bid Price","NCM","1/20/2026"
"Kandal M Venture Limited","FMFC","Bid Price","NCM","12/22/2025"
"Kyntra Bio, Inc.","KYNB","Total Assets/Total Revenue","NGS","4/2/2026"
"La Rosa Holdings Corp.","LRHC","Delinquent (12/31/2025 10K)","NCM","4/16/2026"
"Lakeside Holding Limited","LSH","Bid Price","NCM","1/7/2026"
"Leslie's, Inc.","LESL","Market Value of Publicly Held Shares","NGS","2/11/2026"
"Lexaria Bioscience Corp.","LEXX","Bid Price","NCM","2/4/2026"
"Lianhe Sowell International Group Ltd","LHSW","Bid Price","NCM","1/22/2026"
"Liminatus Pharma, Inc.","LIMN","Market Value of Publicly Held Shares","NGM","11/19/2025"
"Liminatus Pharma, Inc.","LIMN LIMNW","Market Value of Listed Securities","NGM","11/19/2025"
"Liminatus Pharma, Inc.","LIMN","Bid Price","NGM","1/15/2026"
"LiveOne, Inc.","LVO","Bid Price","NCM","3/28/2025"
"Lixiang Education Holding Co., Ltd.","LXEH","Bid Price","NGM","11/18/2025"
"Lixiang Education Holding Co., Ltd.","LXEH","Market Value of Publicly Held Shares","NGM","2/9/2026"
"LM Funding America, Inc.","LMFA","Bid Price","NCM","1/7/2026"
"LOBO TECHNOLOGIES LTD.","LOBO","Bid Price","NCM","12/16/2025"
"Longeveron Inc.","LGVN","Bid Price","NCM","9/22/2025"
"Longeveron Inc.","LGVN","Audit Committee Composition","NCM","3/9/2026"
"Lunai Bioworks Inc.","LNAI","Market Value of Listed Securities","NCM","10/27/2025"
"Lunai Bioworks Inc.","LNAI","Bid Price","NCM","2/6/2026"
"Maison Solutions Inc.","MSS","Bid Price","NCM","7/10/2025"
"Mangoceuticals, Inc.","MGRX","Bid Price","NCM","2/4/2026"
"Mannatech, Incorporated","MTEX","Equity","NCM","4/20/2026"
"Marwynn Holdings, Inc.","MWYN","Bid Price","NCM","1/29/2026"
"Masonglory Limited","MSGY","Bid Price","NCM","3/13/2026"
"MaxCyte, Inc.","MXCT","Bid Price","NGS","3/16/2026"
"Mediaco Holding Inc.","MDIA","Bid Price","NCM","12/19/2025"
"Medicus Pharma Ltd.","MDCX","Bid Price","NCM","4/21/2026"
"Mereo BioPharma Group plc","MREO","Bid Price","NCM","2/17/2026"
"MicroVision, Inc.","MVIS","Bid Price","NGM","1/12/2026"
"Mint Incorporation Limited","MIMI","Bid Price","NCM","12/19/2025"
"Moolec Science SA","MLEC MLECW","Delinquent (06/30/2025 20F)","NCM","11/24/2025"
"Moolec Science SA","MLEC","Bid Price","NCM","11/14/2025"
"Moolec Science SA","MLEC MLECW","Equity","NCM","12/30/2025"
"Murano Global Investments PLC","MRNO","Bid Price","NCM","4/7/2026"
"Mustang Bio, Inc.","MBIO","Bid Price","NCM","4/15/2026"
"My Size, Inc.","MYSZ","Bid Price","NCM","3/2/2026"
"NaaS Technology Inc.","NAAS","Market Value of Listed Securities","NCM","2/17/2026"
"Nakamoto Inc.","NAKA","Bid Price","NGM","12/10/2025"
"Nauticus Robotics, Inc.","KITTW KITT","Market Value of Listed Securities","NCM","10/16/2025"
"Netcapital Inc.","NCPL","Bid Price","NCM","2/4/2026"
"NETCLASS TECHNOLOGY INC","NTCL","Bid Price","NCM","1/27/2026"
"NeuroSense Therapeutics Ltd.","NRSN NRSNW","Market Value of Listed Securities","NCM","4/2/2026"
"NeuroSense Therapeutics Ltd.","NRSN","Bid Price","NCM","4/2/2026"
"Newton Golf Company, Inc.","NWTG","Equity","NCM","4/6/2026"
"Nexalin Technology, Inc.","NXL","Bid Price","NCM","1/21/2026"
"NexGel, Inc","NXGL","Bid Price","NCM","4/22/2026"
"NextNRG, Inc.","NXXT","Bid Price","NCM","3/16/2026"
"NIP Group Inc.","NIPG","Bid Price","NGM","3/24/2026"
"Nixxy, Inc.","NIXX","Bid Price","NCM","2/20/2026"
"Nocera, Inc.","NCRA","Bid Price","NCM","2/2/2026"
"Nocera, Inc.","NCRA","Equity","NCM","4/17/2026"
"NOVONIX Limited","NVX","Bid Price","NGM","3/17/2026"
"Nuvve Holding Corp.","NVVE","Bid Price","NCM","4/20/2026"
"Nvni Group Limited","NVNI NVNIW","Market Value of Listed Securities","NCM","1/28/2026"
"OFA Group","OFAL","Bid Price","NCM","12/11/2025"
"Olenox Industries Inc.","OLOX","Delinquent (12/31/2025 10K)","NCM","4/21/2026"
"OneMedNet Corp","ONMD","Bid Price","NCM","4/14/2026"
"Oriental Rise Holdings Limited","ORIS","Bid Price","NCM","4/15/2026"
"OSR Holdings, Inc.","OSRH","Bid Price","NCM","9/5/2025"
"Outlook Therapeutics, Inc.","OTLK","Bid Price","NCM","2/18/2026"
"P3 Health Partners Inc.","PIIIW PIII","Equity","NCM","11/21/2025"
"Pasithea Therapeutics Corp.","KTTA","Bid Price","NCM","2/20/2026"
"PDS Biotechnology Corporation","PDSB","Bid Price","NCM","2/25/2026"
"PharmaCyte  Biotech, Inc.","PMCB","Bid Price","NCM","12/1/2025"
"Ping An Biomedical Co., Ltd.","PASW","Bid Price","NCM","11/24/2025"
"Playboy, Inc.","PLBY","Board Independence","NGM","12/19/2025"
"PLAYSTUDIOS, Inc. ","MYPS","Bid Price","NGM","11/5/2025"
"POMDOCTOR LIMITED","POM","Bid Price","NGM","1/29/2026"
"Pop Culture Group Co., Ltd","CPOP","Bid Price","NCM","11/10/2025"
"PowerBank Corporation","SUUN","Bid Price","NGM","4/2/2026"
"Presurance Holdings, Inc.","PRHI","Bid Price","NCM","3/3/2026"
"Primech Holdings Ltd.","PMEC","Bid Price","NCM","2/25/2026"
"ProCap Financial, Inc.","BRR BRRWW","Audit Committee Composition","NGM","1/26/2026"
"ProCap Financial, Inc.","BRR BRRWW","Board Independence","NGM","1/26/2026"
"Profusa, Inc.","PFSA","Market Value of Listed Securities","NGM","9/11/2025"
"Profusa, Inc.","PFSA","Bid Price","NGM","9/11/2025"
"Profusa, Inc.","PFSA","Market Value of Publicly Held Shares","NGM","10/27/2025"
"Propanc Biopharma, Inc.","PPCB","Bid Price","NCM","12/31/2025"
"Purple Innovation, Inc.","PRPL","Bid Price","NGS","11/5/2025"
"QMMM Holdings Limited","QMMM","Delinquent (09/30/2025 20F)","NCM","2/18/2026"
"Quantum Cyber N.V.","QUCY","Bid Price","NCM","3/20/2026"
"Quetta Acquisition Corporation","QETA","Shareholders","NGM","4/6/2026"
"Quetta Acquisition Corporation","QETA QETAU QETAR","Market Value of Listed Securities","NGM","9/3/2025"
"Quetta Acquisition Corporation","QETA QETAU QETAR","Delinquent (12/31/2025 10K)","NGM","4/20/2026"
"Quince Therapeutics, Inc.","QNCX","Market Value of Listed Securities","NGS","3/18/2026"
"Rain Enhancement Technologies Holdco, Inc.","RAIN RAINW","Market Value of Listed Securities","NCM","2/18/2026"
"RCI Hospitality Holdings, Inc.","RICK","Delinquent (12/31/2025 10Q)","NGM","2/18/2026"
"Real Messenger Corporation","RMSG","Bid Price","NCM","3/13/2026"
"Real Messenger Corporation","RMSG RMSGW","Equity","NCM","4/6/2026"
"reAlpha Tech Corp.","AIRE","Bid Price","NCM","5/20/2025"
"RedCloud Holdings plc","RCT","Bid Price","NCM","4/15/2026"
"Redhill Biopharma Ltd.","RDHL","Bid Price","NCM","4/8/2026"
"REE Automotive Ltd.","REE","Bid Price","NCM","7/1/2025"
"Reitar Logtech Holdings Limited","RITR","Bid Price","NCM","3/26/2026"
"Reliance Global Group, Inc.","EZRA","Bid Price","NCM","12/12/2025"
"RenovoRx, Inc.","RNXT","Bid Price","NCM","12/31/2025"
"Republic Power Group Limited","RPGL","Bid Price","NCM","1/5/2026"
"Reviva Pharmaceuticals Holdings, Inc.","RVPH","Bid Price","NCM","5/13/2025"
"Robo.ai Inc.","AIIO","Bid Price","NCM","12/10/2025"
"Ryvyl Inc.","RVYL","Equity","NCM","4/23/2026"
"Sangamo Therapeutics, Inc.","SGMO","Bid Price","NCM","4/30/2025"
"Scienture Holdings, Inc.","SCNX","Bid Price","NCM","10/14/2025"
"Scinai Immunotherapeutics Ltd.","SCNI","Bid Price","NCM","3/12/2026"
"SciSparc Ltd.","SPRC","Equity","NCM","1/12/2026"
"SCYNEXIS, Inc.","SCYX","Bid Price","NCM","6/20/2025"
"SemiLEDS Corporation","LEDS","Equity","NCM","1/30/2026"
"Semilux International Ltd.","SELX","Bid Price","NCM","11/10/2025"
"Semilux International Ltd.","SELX","Market Value of Listed Securities","NCM","12/31/2025"
"SHF Holdings, Inc.","SHFS","Bid Price","NCM","4/22/2026"
"Silo Pharma, Inc.","SILO","Bid Price","NCM","6/27/2025"
"Singularity Future Technology Ltd.","SGLY","Bid Price","NCM","11/19/2025"
"Sinovac Biotech, Ltd.","SVA","Delinquent (12/31/2024 20F)","NGS","5/16/2025"
"Sinovac Biotech, Ltd.","SVA","Interim Financials (06/30/2025 6K)","NGS","1/2/2026"
"Skye Bioscience, Inc.","SKYE","Bid Price","NGM","3/17/2026"
"SmartKem, Inc.","SMTK","Bid Price","NCM","3/5/2026"
"Smith Micro Software, Inc.","SMSI","Bid Price","NCM","6/23/2025"
"Snail, Inc.","SNAL","Bid Price","NCM","12/30/2025"
"Snail, Inc.","SNAL","Net Income","NCM","3/26/2026"
"SOBR Safe, Inc.","SOBR","Bid Price","NCM","3/19/2026"
"Society Pass Incorporated","SOPA","Bid Price","NCM","3/26/2026"
"Society Pass Incorporated","SOPA","Delinquent (12/31/2025 10K)","NCM","4/16/2026"
"Solarmax Technology Inc.","SMXT","Bid Price","NCM","3/3/2026"
"Sow Good Inc.","SOWG","Bid Price","NCM","5/14/2025"
"Sow Good Inc.","SOWG","Equity","NCM","4/7/2026"
"SPAR Group, Inc.","SGRP","Bid Price","NCM","1/12/2026"
"SPAR Group, Inc.","SGRP","Equity","NCM","4/2/2026"
"Sports Entertainment Gaming Global Corporation ","LTRYW SEGG","Delinquent (12/31/2025 10K)","NGM","4/17/2026"
"Standard BioTools Inc.","LAB","Bid Price","NGS","4/20/2026"
"SurgePays, Inc.","SURG","Market Value of Listed Securities","NCM","3/18/2026"
"SurgePays, Inc.","SURG","Bid Price","NCM","3/23/2026"
"Talphera, Inc.","TLPH","Bid Price","NCM","3/11/2026"
"Tantech Holdings Ltd.","TANH","Bid Price","NCM","3/26/2026"
"Teads Holding Co.","TEAD","Bid Price","NGS","12/22/2025"
"TELA Bio, Inc.","TELA","Bid Price","NGM","3/17/2026"
"Ten-League International Holdings Limited","TLIH","Bid Price","NCM","9/9/2025"
"Tenaya Therapeutics, Inc.","TNYA","Bid Price","NGS","1/28/2026"
"Tenon Medical, Inc.","TNON","Bid Price","NCM","2/25/2026"
"Terra Innovatum Global N.V.","NKLR","Delinquent (12/31/2025 10K)","NGM","4/16/2026"
"Tevogen Bio Holdings Inc.","TVGN","Market Value of Publicly Held Shares","NGM","4/17/2026"
"Tevogen Bio Holdings Inc.","TVGN TVGNW","Market Value of Listed Securities","NGM","4/16/2026"
"The Glimpse Group, Inc.","GGRP","Bid Price","NCM","3/13/2026"
"The GrowHub Limited","TGHL","Bid Price","NCM","12/3/2025"
"The Hain Celestial Group, Inc.","HAIN","Bid Price","NGS","3/24/2026"
"The OLB Group, Inc.","OLB","Bid Price","NCM","1/29/2026"
"The Trade Desk, Inc.","TTD","Audit Committee Composition","NGM","3/25/2026"
"TJGC Group Limited","TJGC","Bid Price","NCM","3/26/2026"
"TOMI Environmental Solutions, Inc.","TOMZ","Bid Price","NCM","11/17/2025"
"TOMI Environmental Solutions, Inc.","TOMZ","Equity","NCM","11/21/2025"
"TON Strategy Company","TONX","Shareholder Approval","NCM","3/30/2026"
"Trident Digital Tech Holdings Ltd","TDTH","Bid Price","NCM","10/28/2025"
"Trident Digital Tech Holdings Ltd","TDTH","Market Value of Listed Securities","NCM","3/26/2026"
"Trinity Biotech plc","TRIB","Bid Price","NGS","2/11/2026"
"Trinity Biotech plc","TRIB","Market Value of Publicly Held Shares","NGS","2/19/2026"
"TryHard Holdings Limited","THH","Bid Price","NCM","3/11/2026"
"Tuniu Corporation","TOUR","Bid Price","NCM","5/19/2025"
"Turbo Energy, S.A.","TURB","Equity","NCM","1/12/2026"
"Twin Vee PowerCats Co.","VEEE","Bid Price","NCM","4/2/2026"
"Ucommune International Ltd ","UK","Bid Price","NCM","1/7/2026"
"Upland Software, Inc.","UPLD","Bid Price","NGM","4/7/2026"
"Valion Bio, Inc.","VBIO","Bid Price","NCM","3/19/2026"
"Veea Inc.","VEEA","Bid Price","NCM","9/29/2025"
"VerifyMe, Inc.","VRME","Bid Price","NCM","4/17/2026"
"Vestand Inc. ","VSTD","Delinquent (09/30/2025 10Q)","NCM","11/25/2025"
"Vestand Inc. ","VSTD","Bid Price","NCM","12/12/2025"
"Vestand Inc. ","VSTD","Delinquent (12/31/2025 10K)","NCM","4/17/2026"
"Virax Biolabs Group Limited","VRAX","Bid Price","NCM","7/14/2025"
"Visionary Holdings Inc.","GV","Interim Financials (09/30/2025 6K)","NCM","4/2/2026"
"Visionary Holdings Inc.","GV","Bid Price","NCM","4/7/2026"
"Vistagen Therapeutics, Inc.","VTGN","Bid Price","NCM","2/3/2026"
"Vivakor, Inc.","VIVK","Shareholder Approval","NCM","12/11/2025"
"Vivos Therapeutics, Inc.","VVOS","Equity","NCM","4/17/2026"
"VSee Health, Inc.","VSEE","Bid Price","NCM","9/24/2025"
"VYNE Therapeutics Inc.","VYNE","Bid Price","NCM","9/11/2025"
"WEBUY GLOBAL LTD.","WBUY","Equity","NCM","1/5/2026"
"Wellgistics Health, Inc.","WGRX","Bid Price","NCM","12/10/2025"
"Wellgistics Health, Inc.","WGRX","Equity","NCM","4/13/2026"
"Werewolf Therapeutics, Inc.","HOWL","Bid Price","NGS","2/4/2026"
"Wetour Robotics Limited","WETO","Bid Price","NCM","12/30/2025"
"WF International Limited","WXM","Bid Price","NCM","12/24/2025"
"Wing Yip Food Holdings Group Limited","WYHG","Bid Price","NCM","12/22/2025"
"XCF Global, Inc.","SAFX","Bid Price","NCM","12/9/2025"
"XIAO-I Corporation","AIXI","Bid Price","NGM","12/16/2025"
"XTL Biopharmaceuticals Ltd.","XTLB","Bid Price","NCM","12/22/2025"
"XTL Biopharmaceuticals Ltd.","XTLB","Equity","NCM","1/20/2026"
"XTL Biopharmaceuticals Ltd.","XTLB","Public Interest Concern","NCM","2/25/2026"
"YHN Acquisition I Limited","YHNAU YHNA YHNAR","Market Value of Listed Securities","NGM","4/17/2026"
"YHN Acquisition I Limited","YHNA","Market Value of Publicly Held Shares","NGM","4/17/2026"
"Yimutian Inc.","YMT","Market Value of Publicly Held Shares","NGM","11/6/2025"
"Yimutian Inc.","YMT","Bid Price","NGM","4/2/2026"
"YXT.COM GROUP HOLDING LIMITED","YXT","Bid Price","NGM","1/26/2026"
"Zentek Ltd.","ZTEK","Bid Price","NCM","8/26/2025"
"Zeo Energy Corporation","ZEO","Bid Price","NCM","4/23/2026"
"ZOOZ Strategy Ltd.","ZOOZ","Bid Price","NCM","12/16/2025"
"ZW Data Action Technologies Inc.","CNET","Bid Price","NCM","3/26/2026"